w_1,w_2,w_3,w_4,h_4,d_1,d_2,d_3,poisson_requested,young_requested,volume_frac_requested,poisson_predicted,young_predicted,volume_frac_predicted,poisson_real,young_real,volume_frac_real
2.043534,1.705235,2.338328,0.800048,8.583616,0.694229,0.424736,1.244028,-0.186632,0.066417,0.072090,-0.151868,0.483483,0.123289,-0.23049404719319816,0.16086506692225694,0.13336994119061274
2.195113,1.525633,2.302057,0.800385,8.375749,0.673235,0.869461,0.952943,-0.019239,1.365859,0.174008,-0.034734,1.336786,0.173333,-0.11076410406564978,1.2987360299639947,0.1643445610166964
2.437260,1.512037,1.474460,0.789477,7.494853,0.669758,0.718831,0.545798,0.118193,1.150172,0.072900,0.104700,1.166669,0.070852,-0.1037655929513214,1.5068148955591163,0.10772363699798007
1.650530,1.672963,2.964800,0.783280,7.704490,0.688222,0.433420,1.511536,0.332939,0.135216,0.177176,0.119001,0.375434,0.158095,0.01002716348839884,0.1388506095227032,0.15424833071941976
1.718629,1.699313,2.332584,0.804417,8.969628,0.689300,0.430557,1.445150,-0.389437,0.238179,0.151910,-0.395303,0.469406,0.170903,-0.37864933650333066,0.13026069629041415,0.15682869910509908
2.147006,1.536049,1.674105,0.790722,8.448006,0.663711,0.977221,1.202526,-0.239505,1.934159,0.217639,-0.277748,1.903938,0.223498,-0.2788082391790801,2.0360893830732616,0.19394080737554759
2.258978,1.518001,2.135063,0.793465,8.457597,0.672149,0.709998,0.951970,-0.121228,0.795737,0.134745,-0.153200,0.813565,0.133844,-0.17714947084917163,0.7905539479483659,0.1447181847442698
2.391158,1.473557,1.232152,0.791564,7.638676,0.667716,0.690802,0.503908,-0.085960,1.029293,0.063270,-0.086654,0.994097,0.062254,-0.212659000573511,1.311052082389969,0.103868363082438
1.689257,1.679606,2.966348,0.805228,7.675068,0.673919,0.669520,1.508564,0.262028,0.494634,0.233330,0.090355,0.597577,0.205915,0.04603277105547134,0.4599615890579,0.18029428006229864
2.050561,1.334579,0.959976,0.771354,8.478781,0.670898,0.926619,0.770606,-0.602450,1.642879,0.168319,-0.606322,1.635075,0.170580,-0.47735855650842773,1.8430084963987938,0.16164129515833336
1.526585,1.701618,2.838580,0.813081,8.780717,0.676315,0.562311,1.506132,-0.229958,0.380972,0.243951,-0.285265,0.509548,0.209855,-0.24955032933253468,0.22458017589309193,0.18271951837697997
1.818948,1.611325,2.887746,0.800944,7.839325,0.671196,0.650350,1.470659,0.159141,0.558445,0.201372,0.083993,0.619702,0.193284,0.03034587353292914,0.4481579742616847,0.17314400671093608
1.593814,1.669811,2.884405,0.803533,8.365623,0.678919,0.499908,1.503908,-0.054232,0.342102,0.213459,-0.166107,0.468926,0.186503,-0.15422237036573538,0.1815859788093382,0.16858698831274524
2.438286,1.469325,1.175517,0.789621,7.509433,0.667869,0.660955,0.474891,-0.037222,0.998716,0.051138,-0.044142,0.933054,0.051076,-0.18939381774772132,1.2533321536682747,0.0970468985370826
2.088843,1.367095,1.029766,0.779321,8.885089,0.677689,0.926984,0.945428,-0.609276,1.412703,0.199561,-0.611599,1.392931,0.201871,-0.5040675783114701,1.5796828831442178,0.17807537183623937
1.472225,1.701209,1.878104,0.816143,9.619737,0.687817,0.458761,1.504808,-0.744214,0.203191,0.228151,-0.647963,0.371461,0.194128,-0.6008548698789072,0.12135905044144349,0.17557889487681677
1.588034,1.698326,2.971513,0.798251,7.824563,0.680697,0.486976,1.514801,0.204269,0.272094,0.221894,0.017923,0.430903,0.176515,-0.02955335506765428,0.18108072288294536,0.16357423932699022
1.871447,1.276023,0.758185,0.769381,8.623099,0.665999,0.746587,0.499887,-0.850624,0.825173,0.096028,-0.793120,0.805371,0.101672,-0.606169310745524,0.8967323399743897,0.12652058977182606
2.233355,1.528517,1.943135,0.791644,8.628588,0.674290,0.651113,0.961854,-0.252174,0.700352,0.127459,-0.267606,0.761877,0.127498,-0.2714401638951897,0.6204605768700346,0.14056991154153364
2.267557,1.429166,1.105789,0.792752,8.012769,0.668550,0.673518,0.485481,-0.346474,0.858925,0.064831,-0.357413,0.830714,0.067528,-0.354597824229315,1.01634752989539,0.10591602397616953
2.334008,1.529680,2.112926,0.796945,8.179389,0.680983,0.910364,0.841826,0.097083,1.879144,0.154287,0.057898,1.801836,0.155372,-0.07893654048397344,1.7564724827419647,0.1568087698776799
1.999565,1.315208,0.899811,0.767531,8.344636,0.668372,0.938953,0.749492,-0.625342,1.750180,0.165495,-0.621309,1.745968,0.166707,-0.483064875564467,1.976816816679031,0.1604746446802892
1.780461,1.424282,1.007041,0.780476,9.170453,0.681095,0.671760,1.223069,-0.773099,0.638248,0.189911,-0.773034,0.672157,0.188614,-0.6434049166205196,0.49666486605793625,0.17347975593744194
2.130496,1.388422,1.127613,0.779746,8.449885,0.669040,0.819307,0.625598,-0.504771,1.262690,0.126076,-0.546881,1.182787,0.125425,-0.43358704184263325,1.383952900208165,0.13856739364622628
2.295345,1.500823,1.960477,0.792942,8.244803,0.675007,0.774016,0.782512,-0.075817,1.105440,0.124961,-0.079160,1.095977,0.124644,-0.16529256987171875,1.156110951564638,0.13897259998848313
1.948340,1.648106,2.912899,0.811833,7.765839,0.661453,0.862788,1.434406,0.391892,0.949390,0.228735,0.355019,1.005145,0.225875,0.10871428231759757,0.9972414562503444,0.19092489933242177
1.953951,1.600402,2.911365,0.793335,7.592001,0.667916,0.677582,1.453056,0.352495,0.625051,0.187769,0.306918,0.681700,0.187521,0.13619260088230556,0.5348488400081298,0.168386368661304
2.302843,1.489257,2.073315,0.794394,8.205674,0.680452,0.823197,0.801175,-0.000114,1.328909,0.136244,-0.007563,1.282775,0.134916,-0.11949348764310108,1.3309991777769044,0.14507669024227654
1.579942,1.685709,2.698213,0.809332,8.873341,0.682107,0.471427,1.493125,-0.288719,0.323146,0.202034,-0.320707,0.463113,0.188622,-0.2969016792413155,0.14575301738662735,0.16857232905778802
1.591928,1.458594,0.989385,0.783114,9.386483,0.683439,0.541995,1.368033,-0.864839,0.438620,0.185076,-0.843693,0.475133,0.188343,-0.7118440485655699,0.22945042535273547,0.17194507670254097
2.207077,1.524426,2.071869,0.796352,8.459268,0.676290,0.879330,0.884450,-0.134796,1.489765,0.170281,-0.166056,1.457767,0.168834,-0.18068744379069784,1.4325558531216684,0.16235110446388717
2.071800,1.582124,2.343204,0.799463,8.659579,0.676016,0.496614,1.294485,-0.207344,0.511679,0.146486,-0.216998,0.558762,0.143441,-0.2318649974945039,0.24354723286154575,0.14491488145344192
1.780729,1.670004,2.832842,0.795079,8.130280,0.693344,0.425793,1.483866,0.141924,0.069925,0.130807,0.012000,0.435346,0.154935,-0.07677480037997143,0.13532184096813665,0.1510566925893363
1.916077,1.412662,1.030494,0.780412,9.076089,0.680254,0.703752,1.061484,-0.713644,0.717218,0.172761,-0.721929,0.734787,0.170613,-0.5982134612771232,0.6301636847841894,0.16335732622348587
2.036125,1.294433,0.782773,0.771623,7.648779,0.661613,0.873708,0.518331,-0.523834,1.832473,0.100113,-0.528737,1.849715,0.102072,-0.4054046735856468,2.2272826851747762,0.12704254460040829
2.131273,1.505702,1.526464,0.790352,8.579656,0.666456,0.978319,1.232054,-0.320008,1.836937,0.225666,-0.362099,1.802794,0.229359,-0.33748616557394173,1.9824101379785302,0.19774756694532697
1.825512,1.335971,0.817010,0.772081,9.158200,0.680538,0.869453,0.993936,-0.829604,0.977779,0.210546,-0.814137,0.976580,0.211779,-0.6366655032224267,1.0504865161170907,0.18302986332651927
2.511051,1.517562,1.432601,0.786186,7.319105,0.669954,0.685408,0.495799,0.233783,1.092520,0.055897,0.194636,1.077281,0.056997,-0.05546097715562425,1.4658389570680208,0.09860831356971175
2.253631,1.510981,1.838156,0.791010,8.539059,0.674476,0.785713,0.872882,-0.262819,1.071442,0.148127,-0.278829,1.089595,0.149518,-0.25614972619560705,1.1124434462258004,0.15019505265416228
2.274033,1.557986,2.654814,0.794802,7.950068,0.672878,0.442010,0.769172,0.324169,0.363778,0.049699,0.290885,0.433750,0.059852,0.056512892292801514,0.1955727504330841,0.09779417682337226
2.434855,1.491954,1.247086,0.788041,7.429796,0.668405,0.722786,0.514332,0.037333,1.242136,0.067119,0.033317,1.240187,0.065052,-0.1443575602639865,1.6379001242688693,0.10516817833486129
2.000064,1.500533,1.376159,0.787611,8.954741,0.679525,0.600635,1.131991,-0.561733,0.589115,0.151094,-0.566641,0.626261,0.149998,-0.5130767633951032,0.43817971436618086,0.15201579429805862
2.148654,1.409653,1.186466,0.785777,8.934371,0.679228,0.928245,1.036164,-0.545310,1.397995,0.209471,-0.555107,1.362059,0.210959,-0.4637595568452826,1.5815992878778564,0.1836548622497503
2.233452,1.508397,2.368355,0.800184,8.249956,0.674496,0.851688,0.928480,0.087967,1.301195,0.162185,0.071147,1.256912,0.160784,-0.06156862416907654,1.2465152898384486,0.15799918785400224
1.473438,1.745200,2.715544,0.812680,9.276062,0.689736,0.441997,1.516233,-0.448430,0.102079,0.238418,-0.410440,0.401607,0.194038,-0.3766952513276113,0.10418391814591574,0.17206733837432694
1.917065,1.303098,0.810285,0.765249,8.666754,0.672362,0.929150,0.755469,-0.763128,1.485190,0.181752,-0.736616,1.461457,0.178234,-0.5596624011198166,1.625442475335202,0.1657911206164863
2.551957,1.495366,1.136234,0.779397,7.150179,0.678114,0.777725,0.473058,0.224202,1.791589,0.056528,0.163041,1.709717,0.061929,-0.054167247132550264,2.354506067561486,0.10360197652422358
2.465170,1.517126,2.438367,0.793097,7.769863,0.683376,0.874803,0.868923,0.450931,1.624690,0.138964,0.449691,1.597023,0.136235,0.12707409091289515,1.5286411226462995,0.14543289112014463
2.119948,1.532557,2.527242,0.797468,8.311561,0.670756,0.644348,1.253638,-0.005777,0.654548,0.157664,-0.012132,0.681994,0.156628,-0.08665305183385254,0.5140103594749935,0.15596770181349712
2.443116,1.487404,1.209777,0.787876,7.439246,0.667802,0.698613,0.496057,0.017240,1.135368,0.059767,0.016179,1.122301,0.058799,-0.15672526263124933,1.497944088497952,0.10152333881473169
1.537506,1.720891,2.703959,0.809120,8.976711,0.692595,0.431028,1.507788,-0.325028,0.118968,0.192513,-0.350877,0.421930,0.185502,-0.32481169750366445,0.10866949180184111,0.16594939198810607
2.465338,1.503955,1.945231,0.790144,7.653734,0.687645,0.835222,0.683428,0.247551,1.667489,0.111097,0.271854,1.657102,0.111873,0.0069982726543824135,1.820366116790073,0.12956871409434825
1.520097,1.706435,2.693785,0.810880,9.071551,0.682020,0.481150,1.503126,-0.357854,0.296599,0.222308,-0.370635,0.448515,0.196584,-0.3405037486087191,0.14287538716364695,0.1738614536571549
2.128602,1.567611,2.234033,0.801526,8.527775,0.667006,0.912302,1.091613,-0.109800,1.463806,0.206180,-0.133772,1.422005,0.207805,-0.1669964427830264,1.4195434399523859,0.181909332810028
1.973170,1.314318,0.875519,0.771827,8.529176,0.668552,0.812226,0.551279,-0.703758,1.055905,0.114756,-0.713159,1.046584,0.120437,-0.5376419550547356,1.2354809112530813,0.13556044792567262
2.475288,1.504866,2.336841,0.789007,7.536871,0.676367,0.714811,0.638897,0.455229,0.940097,0.087168,0.463475,0.906049,0.085322,0.13523007907927675,1.0041386671697818,0.11232654782084865
2.333251,1.496255,2.045654,0.794580,8.094392,0.677649,0.783653,0.763967,0.060383,1.166839,0.120771,0.048293,1.141308,0.120988,-0.10253399014191178,1.2305747245191256,0.1363846226609894
1.984310,1.307182,0.877966,0.766639,8.321093,0.665741,0.896134,0.621478,-0.655012,1.593542,0.142504,-0.660263,1.548776,0.141335,-0.49462050035651434,1.7638505177931325,0.14702973132181796
2.130127,1.384907,1.109010,0.778544,8.558298,0.670658,0.823102,0.636186,-0.536505,1.204917,0.131793,-0.576524,1.137609,0.131257,-0.45182263849445425,1.343742464262625,0.14105282420263393
2.091804,1.338543,0.932851,0.777858,7.946114,0.664522,0.839542,0.558994,-0.496020,1.532200,0.109007,-0.518296,1.537296,0.107241,-0.4094807882951239,1.7985556576901318,0.12987874459679005
1.991333,1.334626,0.867768,0.770502,8.473794,0.671533,0.992267,1.175037,-0.640255,1.870203,0.219034,-0.594616,1.831108,0.223246,-0.5001918715990443,2.096293674967173,0.19522531459093442
2.206157,1.445056,1.219430,0.791093,8.277528,0.668853,0.729323,0.551114,-0.395067,0.920766,0.089203,-0.405080,0.919038,0.091998,-0.3783573759934108,1.103188397017631,0.12038175460780622
2.121446,1.587392,2.355329,0.798852,8.592566,0.678777,0.456595,1.232303,-0.140855,0.430539,0.121084,-0.147281,0.520526,0.123432,-0.20789624462288822,0.20004572359523118,0.13465983990143285
2.496640,1.504870,1.331321,0.784160,7.290183,0.683094,0.824729,0.525491,0.178770,1.924173,0.082806,0.163757,1.901340,0.080999,-0.05470216286898458,2.4885759206622478,0.11401242454776365
1.933197,1.282011,0.757298,0.774248,8.532200,0.665711,0.682148,0.468212,-0.804182,0.730815,0.075633,-0.764757,0.715404,0.081990,-0.5941695371598982,0.7432569692276094,0.1146683002106147
2.483872,1.507105,2.097062,0.789669,7.675170,0.688909,0.849508,0.721971,0.315225,1.698312,0.116855,0.340114,1.648510,0.116396,0.05164796877603859,1.7680018133462392,0.13315963835950242
2.101453,1.532356,2.698331,0.795183,7.953116,0.667832,0.671779,1.276576,0.195694,0.683991,0.159925,0.186408,0.702822,0.162744,0.03572212961403042,0.5704924047797554,0.15704479407751934
1.940759,1.444840,1.132555,0.788593,9.121924,0.675153,0.554810,0.845289,-0.662738,0.525588,0.108003,-0.680477,0.563228,0.104775,-0.5984846183733307,0.3271195206342078,0.13049436041008447
2.268126,1.539752,1.954395,0.794379,8.317068,0.677160,0.925604,0.874165,-0.061098,1.909879,0.167020,-0.105741,1.849341,0.169137,-0.16036857360302387,1.825145029661509,0.1639688786188344
1.695691,1.697937,2.391865,0.805521,8.966841,0.689088,0.431594,1.456022,-0.376420,0.242448,0.156704,-0.388003,0.467088,0.173328,-0.36827777716981575,0.12800234093206772,0.15824969908062486
1.946676,1.307174,0.847634,0.764687,8.573132,0.668627,0.863848,0.592606,-0.732817,1.285047,0.140540,-0.739979,1.240181,0.139823,-0.545614837858387,1.4207591217672766,0.14542922399385133
2.097193,1.379863,1.047357,0.784535,8.593276,0.668391,0.748665,0.550925,-0.575112,0.869237,0.098179,-0.602221,0.835181,0.104146,-0.48914684125303426,1.0107474332731643,0.1274149376701098
2.001339,1.288965,0.789715,0.769911,7.769237,0.662171,0.871053,0.527079,-0.581244,1.724700,0.106019,-0.580832,1.761977,0.107640,-0.43460961557051386,2.069017157495261,0.12954293519374915
1.717820,1.637343,2.688263,0.803945,8.605998,0.679382,0.482304,1.463619,-0.176372,0.409250,0.179637,-0.229340,0.503078,0.175890,-0.22035162470298564,0.17662887724576176,0.16211199604265858
1.516607,1.719958,2.558836,0.812268,9.198560,0.688050,0.442177,1.503367,-0.441698,0.203749,0.205034,-0.430215,0.422027,0.190049,-0.3972494334643186,0.11328928777109161,0.16935584022030525
2.285077,1.380645,0.895634,0.786695,7.478258,0.666084,0.776207,0.477957,-0.284008,1.579848,0.070084,-0.268476,1.476669,0.071361,-0.28364004294073286,1.9026737374788407,0.10947353242285317
2.472993,1.490838,1.334087,0.789133,7.473408,0.667797,0.630527,0.472894,0.072412,0.895067,0.046455,0.041609,0.860469,0.045464,-0.13734856563915662,1.105498248669343,0.09339453630891512
2.414767,1.499579,1.862639,0.793235,7.840914,0.686771,0.847313,0.693680,0.144322,1.709104,0.117629,0.140877,1.685648,0.118362,-0.06650180627481603,1.8146586648984635,0.13472656325786375
2.206763,1.480932,1.347083,0.792843,8.562239,0.669052,0.694784,0.608339,-0.426985,0.750224,0.092536,-0.437909,0.788756,0.096864,-0.39684370671433383,0.8516663954400816,0.1234394655408687
1.518914,1.714672,1.841570,0.808717,9.468184,0.691822,0.430474,1.484915,-0.680580,0.148907,0.180150,-0.623383,0.374003,0.184087,-0.5882528040293712,0.10946949441721447,0.16771885728710914
2.190759,1.302898,0.738566,0.776763,7.473440,0.666186,0.734872,0.442174,-0.469039,1.427932,0.054282,-0.449094,1.243952,0.062263,-0.36654892280050827,1.5860753415218962,0.10345502445081366
2.508041,1.513310,1.780227,0.785980,7.457264,0.688189,0.837264,0.620406,0.276469,1.813189,0.101689,0.298131,1.812478,0.101122,0.020863875842278487,2.128062467555293,0.12311158323369455
1.621170,1.666167,2.802857,0.812807,8.556200,0.672365,0.678380,1.481279,-0.156476,0.551968,0.235740,-0.214303,0.618610,0.224752,-0.18663881620915881,0.417271181427227,0.19143029981671134
1.870632,1.302671,0.800376,0.776432,8.976857,0.664197,0.638586,0.512587,-0.812227,0.601675,0.079095,-0.809597,0.600700,0.083423,-0.6498056795554125,0.5035674965051926,0.11815870005870238
1.970254,1.333266,0.879755,0.772967,8.808970,0.676015,0.962540,1.031831,-0.693001,1.547533,0.214994,-0.672915,1.490455,0.216078,-0.5459687778156048,1.6998235261962724,0.1887695856372011
1.660912,1.646890,2.909416,0.794645,8.048648,0.681729,0.463549,1.501490,0.112383,0.304393,0.189426,-0.018804,0.441454,0.168750,-0.07066728478062448,0.160604140115512,0.1593838282843353
2.443502,1.498140,2.320648,0.792137,7.657135,0.671216,0.663679,0.623061,0.359735,0.773290,0.076674,0.367244,0.785251,0.075586,0.08723059543524793,0.7989649367188404,0.10782496247818926
1.459149,1.736984,2.029734,0.817486,9.661643,0.695131,0.434442,1.515812,-0.783017,0.024080,0.237403,-0.618380,0.350714,0.192483,-0.5786334843415848,0.1006176607303801,0.17353507785854164
1.838672,1.717549,2.317410,0.799582,8.769505,0.697182,0.424698,1.408537,-0.300028,0.047260,0.104174,-0.307059,0.479328,0.157124,-0.3226386413418042,0.14053267240780012,0.14934175789239817
2.158052,1.293542,0.725947,0.774179,7.445606,0.664737,0.775747,0.448712,-0.482213,1.604594,0.061955,-0.460763,1.456137,0.069627,-0.3664358571706015,1.8430650260777317,0.10798849587168662
2.511989,1.516852,1.703043,0.785074,7.375768,0.683300,0.782552,0.572502,0.292030,1.523177,0.086531,0.288735,1.516504,0.083554,0.012794502142317638,1.887914354002186,0.1136982533520495
2.321211,1.590841,2.588152,0.802807,7.940462,0.667050,0.950082,1.155585,0.429166,1.775990,0.193905,0.393685,1.767698,0.194130,0.09951733861375968,1.650038991539871,0.1761222490671207
2.229217,1.603453,2.749396,0.795403,7.857732,0.680689,0.427346,0.953276,0.381367,0.181542,0.044698,0.336449,0.419374,0.078818,0.09401896749933791,0.17104275941409638,0.1073621081688907
1.849165,1.278670,0.758565,0.757593,8.458330,0.666381,0.884853,0.566735,-0.839439,1.371218,0.144326,-0.788994,1.385588,0.140455,-0.5685969393273748,1.5187996179569117,0.14584538369141228
2.421778,1.504579,2.118885,0.792489,7.700349,0.675095,0.735339,0.658371,0.291177,1.016362,0.094575,0.283232,0.992878,0.094103,0.01867122906413876,1.1627561702431353,0.11859787122171837
2.016186,1.610182,2.579788,0.813040,8.394030,0.659066,0.899446,1.264945,0.034376,1.189149,0.232109,0.032702,1.174252,0.230070,-0.08342067990895186,1.1850875294150565,0.19204945300971304
2.190156,1.581037,2.095457,0.797696,8.703084,0.675293,0.469832,0.906199,-0.202659,0.462411,0.081747,-0.214033,0.539628,0.082865,-0.27718762303294836,0.23363529805792974,0.11653638649266213
2.040265,1.521924,1.728104,0.801442,8.888044,0.671042,0.939199,1.223409,-0.417222,1.337962,0.245035,-0.450870,1.313327,0.244679,-0.3668614424474127,1.4913712854787704,0.20004830521851547
2.011727,1.656401,2.872500,0.818657,7.951186,0.656165,0.937773,1.400351,0.402282,1.224727,0.241777,0.363602,1.260974,0.239837,0.08517303545195369,1.2559331639946305,0.19840161121013808
2.065570,1.599561,2.888006,0.799713,7.636405,0.664713,0.778478,1.396390,0.413343,0.837493,0.197007,0.415549,0.838218,0.196794,0.16127676518680847,0.8033414402927488,0.17345467789295071
