w1,w2,w3,w4,h4,d1,d2,d3,poisson_requested,young_requested,volume_frac_requested,poisson_predicted,young_predicted,volume_frac_predicted,possibly_problematic
2.5176651,3.1649804,1.2115266,2.0310755,8.76366,0.41150728,0.34865242,0.49317142,-0.18663236,0.06641661,0.07209042,-0.2218446,0.07529645,0.07534018,1.0
2.8011682,1.9139059,2.3096888,1.9891788,9.984442,0.05166896,1.0014827,0.7235716,-0.019239044,1.3658586,0.17400765,-0.07729716,1.1601713,0.16653259,1.0
2.9756522,2.8878806,1.5741137,2.3588061,8.565598,-0.022739094,0.78475326,-0.12731233,0.11819332,1.1501719,0.07290038,0.04854115,1.1275043,0.08376209,1.0
3.4268262,4.0469418,3.1638122,2.2535994,10.511219,0.044280786,0.47295025,1.9912679,0.33293945,0.13521554,0.17717613,0.18066764,0.18840782,0.17137869,1.0
2.024311,1.718147,2.0955758,1.1763484,9.4626665,0.57313246,0.5339117,1.2128059,-0.38943723,0.23817948,0.15191026,-0.40369964,0.23117694,0.15178426,0.0
2.7480686,1.3998958,1.7775484,2.714028,11.786959,-0.1746779,1.411843,0.3837923,-0.23950489,1.9341587,0.21763924,-0.24517845,1.7160515,0.20105569,1.0
2.4548247,1.9190571,2.0544379,1.4164764,8.956504,0.33374527,0.7210256,0.7518849,-0.121228226,0.7957367,0.13474469,-0.17317265,0.73599744,0.13205986,1.0
2.6252663,2.5680187,1.2234375,2.2602258,8.5556345,0.13612981,0.76072806,-0.2794142,-0.08595986,1.0292933,0.063270435,-0.08740533,0.9325584,0.07756874,1.0
3.3240676,3.2564855,3.5710764,2.6407607,11.890759,-0.108179845,0.8492896,1.8994696,0.26202762,0.49463427,0.23333026,0.061290137,0.5625071,0.23026136,1.0
2.178536,1.1899303,0.8939307,2.2582815,11.273488,0.051654,1.2716254,-0.05966309,-0.60244954,1.6428789,0.16831934,-0.5907803,1.5223488,0.16978404,1.0
2.6592104,2.148114,2.926983,2.4437575,12.557342,0.2587356,0.8562755,1.8062663,-0.22995767,0.3809724,0.24395095,-0.22773893,0.45397422,0.21766451,1.0
3.0405238,2.8420994,3.1214137,2.185881,10.821875,0.027968485,0.8067476,1.5313929,0.15914059,0.5584454,0.20137164,-0.025058692,0.58749664,0.20307957,1.0
2.773597,2.5094302,3.0520363,2.1257515,11.39308,0.191925,0.7411991,1.7423944,-0.054232217,0.34210196,0.21345904,-0.083290346,0.4106839,0.19430561,1.0
2.7150874,2.8440814,1.1565601,2.45506,8.510203,0.08397534,0.7508265,-0.39408305,-0.037222303,0.9987163,0.051138382,-0.03143201,0.88338006,0.06757806,1.0
2.2133212,1.0695041,1.1170933,2.3306227,11.670528,0.11376377,1.2531916,0.3143762,-0.60927576,1.4127033,0.19956055,-0.59741354,1.2501897,0.1915496,1.0
1.7565414,1.458464,1.616369,2.428366,12.869105,0.4945262,0.79694545,1.3990297,-0.7442144,0.20319153,0.22815149,-0.684615,0.2688229,0.21140209,1.0
3.1848814,3.3387282,3.4665496,2.4669745,11.644202,0.017759103,0.68847835,2.0785918,0.20426941,0.27209368,0.22189362,0.014488602,0.34705064,0.21180311,1.0
1.4181415,1.6684062,-0.0518274,1.9285175,9.869875,0.3232283,0.8682878,-0.35489264,-0.8506244,0.8251729,0.09602752,-0.6872821,0.56200945,0.10678218,1.0
2.2670124,1.6966456,1.7789155,1.2963057,8.829402,0.43332702,0.6847934,0.67670816,-0.25217438,0.7003519,0.12745892,-0.2536994,0.656602,0.124859124,1.0
2.1710236,2.2097251,0.81505483,2.0504837,8.690549,0.31569123,0.73041606,-0.316425,-0.3464738,0.8589248,0.06483069,-0.30024135,0.7046481,0.08485632,1.0
3.0310338,2.2576172,2.1252973,2.3825028,9.755027,-0.17256145,1.1312336,0.24044952,0.097083084,1.8791444,0.15428668,0.063419186,1.7788712,0.14677057,1.0
2.171051,1.22254,0.7619774,2.353498,11.41076,0.008584936,1.3211887,-0.19042602,-0.6253419,1.7501804,0.16549544,-0.60768735,1.6378456,0.16607603,1.0
1.7533383,1.0422906,0.9248451,1.9644464,11.31831,0.40713373,0.9501867,0.6209637,-0.7730992,0.6382484,0.18991138,-0.71232307,0.57462305,0.18443227,1.0
2.0271711,1.4004623,1.0444442,1.7190133,9.884133,0.23133616,0.9889001,-0.027631972,-0.5047709,1.2626901,0.12607595,-0.5155211,1.1746306,0.12017087,1.0
2.5930982,2.040663,1.908122,1.7116518,8.9781475,0.2040628,0.8160138,0.42829123,-0.07581667,1.1054397,0.12496144,-0.11365021,1.0575485,0.12328013,1.0
3.5172362,3.2270176,3.5234199,2.7468019,11.501745,-0.25509706,1.0232364,1.4960746,0.39189166,0.94939,0.22873513,0.12484705,0.9812305,0.22167319,1.0
3.366612,3.3615758,3.1780276,2.3062582,10.398551,-0.09506736,0.78282046,1.4902781,0.352495,0.62505066,0.18776868,0.16432309,0.6806948,0.18298632,1.0
2.733784,2.1283,2.0644815,1.8947461,9.211663,0.0853587,0.9070973,0.42621648,-0.000114357135,1.328909,0.13624401,-0.044697173,1.2542506,0.1313907,1.0
2.3853447,1.9313428,2.5857458,1.8304194,11.113399,0.39619848,0.71800655,1.5308112,-0.28871873,0.323146,0.20203356,-0.30380526,0.36828646,0.19135442,1.0
1.5106963,1.1534258,0.74871945,1.9616294,11.408128,0.4380011,0.8582388,0.6644593,-0.8648392,0.43861988,0.18507633,-0.7388458,0.43112943,0.17826757,1.0
2.6434247,1.6349944,1.9858772,1.9729667,10.104856,0.063237034,1.0584279,0.5480782,-0.13479581,1.4897653,0.17028102,-0.16238552,1.3284166,0.1613406,1.0
2.3198729,1.8419641,2.1451461,1.2843592,9.200563,0.41487542,0.65069586,1.007128,-0.20734362,0.5116787,0.14648587,-0.22544232,0.49654096,0.14218497,1.0
3.1565878,3.683452,2.5250375,1.7946912,9.602455,0.23321278,0.3559518,1.5500199,0.1419242,0.06992467,0.13080703,0.077583246,0.13723171,0.13076383,1.0
1.8081127,1.0683337,0.9864086,1.7177849,10.732766,0.41475973,0.9167125,0.53148353,-0.71364415,0.71721816,0.17276077,-0.6586509,0.6335554,0.17145331,1.0
2.1082935,1.7483281,0.46669307,2.3788893,10.174793,-0.061320465,1.1999528,-0.7600946,-0.5238337,1.8324729,0.10011308,-0.5476804,1.7632408,0.10355374,1.0
2.6882498,1.3223213,1.6823641,2.7640564,12.08576,-0.13794659,1.425345,0.4029984,-0.32000825,1.836937,0.22566615,-0.32678133,1.6322566,0.20902583,1.0
1.8540846,0.9025266,0.6782433,2.425059,12.198257,0.26390657,1.1741829,0.42656106,-0.82960355,0.9777791,0.21054615,-0.7594784,0.8183857,0.2028617,1.0
3.2102368,3.31377,1.5294105,2.6477222,8.508018,-0.11678705,0.76681024,-0.25495675,0.23378259,1.0925196,0.055896606,0.15614063,1.0533266,0.06924666,1.0
2.342102,1.4956509,1.8352201,1.516908,9.538391,0.29629663,0.86745024,0.596105,-0.26281932,1.0714417,0.14812705,-0.29755664,0.9610903,0.14674433,1.0
3.5179017,4.257621,1.5735917,2.818622,8.54448,-0.06863163,0.5053355,0.17689177,0.32416904,0.3637777,0.049699415,0.18888944,0.14045347,0.04673511,1.0
2.853962,2.767555,1.391684,2.4123302,8.614441,-0.012340347,0.8191033,-0.3063574,0.037333213,1.2421361,0.06711859,-0.003433114,1.1790533,0.080563426,1.0
1.9021661,1.2108284,1.3684685,1.2534126,9.685128,0.49343017,0.75164294,0.65811974,-0.5617331,0.58911484,0.15109433,-0.5392709,0.5571769,0.14904612,1.0
2.3059325,1.121083,1.3172939,2.386698,11.746276,0.10440608,1.2565137,0.43187836,-0.5453096,1.3979954,0.20947075,-0.5490655,1.2416651,0.19539258,1.0
2.909518,2.2130725,2.4151828,1.9677904,9.638156,0.031933088,0.94578767,0.71556365,0.08796691,1.301195,0.16218488,0.031451456,1.1088334,0.15564185,1.0
2.2373595,1.9838935,2.5729854,2.3978481,12.896216,0.45717022,0.71156245,1.9025768,-0.44842964,0.1020786,0.23841767,-0.5157702,0.2042762,0.21883017,1.0
2.0113328,1.0193961,0.5807929,2.3533297,11.764827,0.09268,1.2838724,0.0009833832,-0.7631282,1.4851897,0.18175225,-0.68617177,1.3189633,0.1822344,1.0
3.2129924,3.29665,1.409308,3.031695,8.813093,-0.34689775,0.99355704,-0.73962754,0.22420186,1.7915895,0.056528423,0.14480424,1.7013236,0.072820805,1.0
3.5289292,3.1453671,2.5442345,2.557704,9.350325,-0.30233267,0.996042,0.3967926,0.4509307,1.62469,0.13896401,0.3643394,1.4505966,0.13311842,1.0
2.6637285,2.271499,2.4870806,1.6108179,9.520098,0.22870807,0.73346686,1.0655323,-0.005776709,0.654548,0.1576645,-0.0857212,0.6250496,0.1528482,1.0
2.8113751,2.8177433,1.2956719,2.4361122,8.543039,0.026934642,0.7876167,-0.34020165,0.01724034,1.1353679,0.059767444,-0.0066191014,1.0493765,0.074166656,1.0
2.232399,2.1160014,2.592267,1.7276496,10.990823,0.4937158,0.5691532,1.6822715,-0.32502794,0.118968055,0.19251308,-0.36530104,0.20033629,0.18628296,1.0
3.2051206,2.837696,1.9885306,2.5108032,9.064803,-0.21919023,0.98446774,-0.012404177,0.24755073,1.6674887,0.111097455,0.16904348,1.6520677,0.11144658,1.0
2.3673186,1.8832192,2.5644748,2.1154172,11.968033,0.40842605,0.76546484,1.6502028,-0.35785365,0.2965989,0.22230805,-0.42701575,0.3217507,0.20991355,1.0
2.7456903,1.6196164,2.2525685,2.273463,10.967639,-0.023548882,1.1631478,0.7476366,-0.1097999,1.4638056,0.20618002,-0.11107791,1.2392968,0.18768717,1.0
1.7320715,1.4160283,0.46619526,1.7392246,9.955894,0.30039746,0.941378,-0.18355587,-0.70375764,1.055905,0.11475577,-0.6113772,0.99157757,0.117984846,1.0
3.560945,3.6946778,2.1298273,2.5088294,8.696764,-0.16580753,0.7078126,0.30466804,0.45522922,0.9400967,0.087167665,0.30418164,0.88214934,0.09282528,1.0
2.8191023,2.3567939,2.0218964,1.9000528,8.932686,0.094304346,0.8251466,0.38811103,0.060382776,1.1668388,0.12077085,-0.005224889,1.135923,0.11995104,1.0
1.986229,1.3219758,0.6046754,2.1243198,10.899701,0.087455,1.2142897,-0.28990093,-0.65501183,1.5935423,0.14250395,-0.64516,1.5000418,0.13858393,1.0
1.987718,1.3434615,1.0373751,1.6697106,9.98319,0.2551702,0.98363817,0.041518416,-0.53650504,1.2049172,0.13179278,-0.5457566,1.1134363,0.12833616,1.0
2.0810537,1.5918136,0.7704054,2.03448,9.887116,0.08790364,1.0732981,-0.4056019,-0.49602035,1.5321997,0.10900706,-0.51654464,1.4571952,0.10882098,1.0
2.3507073,1.0553982,0.9039734,2.8756788,12.643193,-0.098983206,1.5123594,0.06766989,-0.64025486,1.8702027,0.21903437,-0.62693036,1.6647503,0.21266592,1.0
2.1067352,1.7665644,1.0125393,1.7279953,8.82282,0.346532,0.7627537,-0.07450912,-0.39506677,0.920766,0.08920323,-0.35658008,0.8500489,0.097177126,1.0
2.4358573,2.1042469,1.9073673,1.2843909,8.652746,0.43113643,0.56766677,0.8709424,-0.14085488,0.43053946,0.12108358,-0.16701326,0.41997942,0.12195139,1.0
3.190945,2.953205,1.5577061,2.873948,9.083973,-0.32479373,1.0631303,-0.53030366,0.17876989,1.9241734,0.08280566,0.11977845,1.9170592,0.09270796,1.0
1.441698,1.9460757,-0.09432432,2.090516,9.483045,0.31311312,0.8033991,-0.50065225,-0.804182,0.7308147,0.075632684,-0.66107297,0.47693503,0.08755451,1.0
3.306471,2.9461288,2.1285172,2.5632699,9.119453,-0.26442572,0.99786663,0.053108063,0.3152249,1.698312,0.116854966,0.22925693,1.661647,0.11524612,1.0
3.041711,2.82304,2.722715,1.8812586,9.624076,0.07959267,0.74360776,1.1448804,0.19569361,0.68399084,0.159925,0.06474214,0.69737375,0.15434055,1.0
1.6837347,1.46768,0.77261513,1.3714436,9.174016,0.48549068,0.6962404,0.22659686,-0.662738,0.52558833,0.10800272,-0.60725904,0.5030738,0.11479378,1.0
2.8448648,1.8397802,1.8949318,2.3503995,10.222549,-0.11941592,1.200436,0.23927626,-0.061098345,1.9098788,0.16702032,-0.108853914,1.7748405,0.16501611,1.0
2.0540707,1.7336272,2.1603975,1.2270889,9.609774,0.55650544,0.54865634,1.2488595,-0.3764201,0.24244806,0.1567036,-0.3841581,0.24467812,0.15745877,1.0
1.8301028,1.2649326,0.5171225,1.9105035,10.727975,0.20891796,1.0972689,-0.14370254,-0.7328165,1.2850473,0.14053951,-0.6768937,1.1772186,0.14243063,1.0
1.8147084,1.5528167,0.7067807,1.6395994,9.172955,0.37284052,0.7996519,-0.08450786,-0.5751122,0.8692375,0.09817882,-0.5076513,0.82154,0.10623604,1.0
1.9965514,1.6542315,0.42102197,2.2567432,10.295634,-0.0005395221,1.1809045,-0.67165333,-0.5812444,1.7247003,0.10601878,-0.563244,1.6454943,0.100456625,1.0
2.4636655,2.0410297,2.561884,1.6134582,10.22132,0.33107734,0.697521,1.339926,-0.17637208,0.40925005,0.17963721,-0.21836744,0.43365973,0.17634125,1.0
2.1536434,1.758755,2.3312893,1.8830771,11.531057,0.5023171,0.68145794,1.5580479,-0.44169778,0.20374903,0.2050342,-0.47257912,0.2674244,0.19708815,1.0
2.4191954,2.2277036,0.8215022,2.462268,9.170645,-0.006222408,0.9925882,-0.7162084,-0.28400803,1.579848,0.07008375,-0.24322072,1.4414972,0.0814286,1.0
2.9177067,3.1354766,1.2623987,2.576246,8.448701,0.025600392,0.7199344,-0.33794108,0.07241168,0.8950674,0.046455365,0.05828219,0.8299885,0.06299627,1.0
3.0565155,2.566405,1.9314163,2.4161139,9.197006,-0.16580592,1.0133773,0.0017768402,0.1443221,1.7091041,0.11762947,0.09602978,1.690262,0.11622223,1.0
2.0447278,1.7018563,1.0503345,1.5720071,8.751164,0.4245412,0.70492196,0.07339915,-0.4269846,0.75022435,0.09253639,-0.37279445,0.6975573,0.1008649,1.0
1.6571919,1.5022827,1.6328752,1.687895,11.053303,0.5727319,0.6147203,1.2035869,-0.6805803,0.14890675,0.18014972,-0.64301765,0.18306537,0.1719102,1.0
2.0311475,2.3127127,0.25131384,2.594464,9.241303,0.09324553,0.96627825,-0.9835593,-0.46903852,1.4279319,0.054282207,-0.40171808,1.1874465,0.07133506,1.0
3.2939703,2.985511,1.8962941,2.714878,9.07867,-0.30823633,1.0271816,-0.20305052,0.27646917,1.8131887,0.10168904,0.19544333,1.8078204,0.10444502,1.0
2.7783825,2.1137707,2.9303763,2.3611977,12.042891,0.15799631,0.9188755,1.598434,-0.15647641,0.5519678,0.23574018,-0.13959147,0.5844756,0.2160159,1.0
1.4088517,1.921832,-0.024827808,1.9854953,9.483126,0.34177467,0.7617001,-0.36460558,-0.8122275,0.6016749,0.07909532,-0.68621975,0.39290395,0.087411165,1.0
2.206662,0.99446166,0.88926566,2.6551585,12.3717,0.041016657,1.3836664,0.2133514,-0.6930009,1.547533,0.21499355,-0.6528348,1.3655995,0.20492041,1.0
2.9341545,2.9992979,3.0389469,2.0219011,10.549691,0.13788481,0.6336425,1.735189,0.11238264,0.30439293,0.1894256,-0.012914335,0.31090772,0.18453857,1.0
3.4252808,3.5824516,1.9314734,2.4490397,8.582497,-0.08103613,0.6614257,0.25743958,0.35973483,0.7732901,0.07667389,0.23400277,0.75380856,0.08581522,1.0
1.6469256,1.7084543,1.7532722,2.6116104,13.495736,0.50236624,0.71266633,1.6329572,-0.7830171,0.024079962,0.2374034,-0.7465532,0.09402998,0.21076748,1.0
2.2241604,2.5992985,1.6421881,1.3998812,8.830764,0.5633014,0.29543552,1.0775636,-0.30002823,0.04726042,0.104173824,-0.33437294,0.0653141,0.108304285,1.0
2.0560567,2.2226539,0.24805322,2.614259,9.477434,0.016763944,1.0464439,-1.0299284,-0.48221263,1.6045941,0.06195502,-0.44298783,1.4113708,0.07550466,1.0
3.276376,3.1762335,1.8466122,2.6402807,8.798424,-0.23810737,0.90878713,-0.17186633,0.2920298,1.5231773,0.086530514,0.20132971,1.4953132,0.09474357,1.0
3.5599432,2.8611827,2.9579618,2.7442765,10.404407,-0.36549106,1.1793516,0.74198616,0.42916614,1.7759902,0.19390544,0.35307056,1.4143966,0.18901247,1.0
3.7548137,4.874561,1.5733925,3.0509648,8.771793,-0.11455194,0.40121642,0.3191181,0.38136655,0.1815416,0.044698406,0.20561403,0.06283401,0.041573968,1.0
1.7444295,1.2473297,0.18723312,2.1190202,11.178157,0.15960775,1.1778262,-0.2949759,-0.8394392,1.371218,0.14432637,-0.7269935,1.2401192,0.14784087,1.0
3.2153356,3.1414902,1.9938369,2.2655096,8.661,-0.05649237,0.74643147,0.26174524,0.29117686,1.0163616,0.094575204,0.16647547,1.0016613,0.099680886,1.0
3.0439756,2.1113617,2.899123,2.4820728,11.548701,-0.085009195,1.1297631,1.1589531,0.03437593,1.1891488,0.23210858,0.032248013,1.0015917,0.20583534,1.0
2.394464,2.2398837,1.3424568,1.6955515,8.466462,0.3979987,0.5889662,0.2569758,-0.20265883,0.4624115,0.08174748,-0.20396681,0.49397653,0.08951166,1.0
2.5554361,1.281461,1.83399,2.6797392,12.442886,0.021622676,1.3177543,0.7280263,-0.41722193,1.3379616,0.2450355,-0.41543412,1.202061,0.22108293,1.0
3.6039784,3.0904522,3.5352724,2.9319437,11.792651,-0.34474036,1.1556822,1.3713703,0.40228158,1.2247272,0.24177743,0.14507008,1.193666,0.22449568,1.0
3.4865136,3.3553145,3.2773995,2.4840744,10.610731,-0.18351792,0.89134955,1.3890799,0.4133432,0.8374934,0.19700664,0.20595205,0.90379345,0.18552305,1.0
